{
    "BLEU": 0.22399366149237512,
    "Smoothed_BLEU": 0.6338813240642404,
    "ROUGE-1": 0.8031271453098142,
    "ROUGE-2": 0.7865210557693421,
    "ROUGE-L": 0.8019326971032282,
    "METEOR": 0.7071369010336114,
    "SIDE": 0.8537714171183404
}