{
    "BLEU": 0.025975946769863457,
    "Smoothed_BLEU": 0.024749168339123086,
    "ROUGE-1": 0.21038502866590084,
    "ROUGE-2": 0.056149546329286246,
    "ROUGE-L": 0.16679218465758727,
    "METEOR": 0.148534529035882,
    "SIDE": 0.4832549923084861
}