{
    "BLEU": 0.05853181402665452,
    "Smoothed_BLEU": 0.05344406099694512,
    "ROUGE-1": 0.28916936729132303,
    "ROUGE-2": 0.12485596847682187,
    "ROUGE-L": 0.24934939196420391,
    "METEOR": 0.24339867544864668,
    "SIDE": 0.5318727768656984
}