{
    "BLEU": 0.13729933973683325,
    "Smoothed_BLEU": 0.5252540183861735,
    "ROUGE-1": 0.7283740463912765,
    "ROUGE-2": 0.7034819298352941,
    "ROUGE-L": 0.7269057028243323,
    "METEOR": 0.6043898875245426,
    "SIDE": 0.908559383559442
}