{
    "BLEU": 0.20297154256804537,
    "Smoothed_BLEU": 0.5186807725583135,
    "ROUGE-1": 0.6944330431556001,
    "ROUGE-2": 0.652484922346213,
    "ROUGE-L": 0.6863695745151324,
    "METEOR": 0.6073342109364691,
    "SIDE": 0.8673435043812125
}