{
    "BLEU": 0.13247211442567622,
    "Smoothed_BLEU": 0.43501462872276964,
    "ROUGE-1": 0.634699568274548,
    "ROUGE-2": 0.5877873865932949,
    "ROUGE-L": 0.6270499999473853,
    "METEOR": 0.5215071290779907,
    "SIDE": 0.8338434521820919
}